Table 12,,,,,,,,,
National Salary and Wage Index,,,,,,,,,
(2023/24 = 100),,,,,,,,,
(y-o-y),,,,,,,,,
Mid- Month,2022/23,,2023/24,,2024/25,,2025/26,,
,Index,% Change,Index,% Change,Index,% Change,Index,% Change,
OctoberR,93.84375256758143,11.587210512100265,99.14617510346147,5.650266949908582,102.43,3.31,106.880744934082,4.345157604297569,
JanuaryR,94.68420642552107,10.269301618465137,99.94656930957943,5.5578042872416695,102.79278210445109,2.84773285544774,108.802894592285,5.846823448874886,
AprilP,95.24738229570772,7.516587662008689,100.33273372272204,5.339098360967223,102.94,2.5986197929016353,109.42811584472656,6.30281313845596,
July,97.11813530354202,8.71397390112195,100.57452279584705,3.5589516638701033,103.22,2.63,,,
Quarterly Average,95.22336914808807,9.52176842342401,100.0000002329025,5.0265303154968946,102.84569552611276,2.846588162087344,108.37058512369786,5.498264730542805,
"R Revised
P Provisional",,,,,,,,,
